<?xml version="1.0" encoding="utf-8"?>
<resources>
    <style name="MyToolbarTheme" parent="Theme.AppCompat.Light.NoActionBar">
        <!--设置menu菜单不遮挡toolbar-->
        <item name="actionOverflowMenuStyle">@style/MyOverflowMenuStyle</item>
        <!--配置Menu的图标-->
        <item name="actionOverflowButtonStyle">@style/MyOverflowMenuButtonStyle</item>
    </style>

    <style name="MyOverflowMenuStyle" parent="Widget.AppCompat.Light.PopupMenu.Overflow">
        <item name="overlapAnchor">false</item>
    </style>

    <style name="MyOverflowMenuButtonStyle" parent="Widget.AppCompat.Light.ActionButton.Overflow">
        <item name="android:src">@drawable/ic_menu_more_off</item>
    </style>

    <style name="MyToolBarPopupMenuStytle" parent="Widget.AppCompat.Light.PopupMenu">
        <!--<item name="android:drawableLeft">@android:drawable/ic_input_add</item>-->
        <!-- 设置Menu菜单的字体大小-->
        <item name="android:textSize">18sp</item>
        <!-- 设置Menu菜单的字体色-->
        <item name="android:textColorPrimary">@android:color/background_dark</item>
        <!-- 设置Menu菜单的背景色-->
        <item name="android:itemBackground">@android:color/white</item>
    </style>
</resources>